"Clean Code: A Handbook of Agile Software Craftsmanship","Robert C. Martin","1st","978-0-13-235088-4","Prentice Hall","2008","2500","Software Development"
"The Pragmatic Programmer: Your Journey to Mastery","Andrew Hunt, David Thomas","20th Anniversary","978-0-13-595705-9","Addison-Wesley Professional","2019","3000","Software Development"
"Artificial Intelligence: A Modern Approach","Stuart Russell, Peter Norvig","4th","978-0-13-461099-5","Pearson","2020","5000","Artificial Intelligence"
"Computer Networks","Andrew S. Tanenbaum, David J. Wetherall","5th","978-0-13-212695-3","Pearson","2010","4000","Networking"
"Database System Concepts","Abraham Silberschatz, Henry F. Korth, S. Sudarshan","7th","978-0-07-802215-9","McGraw-Hill Education","2019","6000","Databases"
