Current Agriculture Research Journal, 2347-4688, Environmental Research Consortium, 2023, Agriculture
International Journal of Computer Science and Information Technology, 2152-7061, TechKnowledge Publications, 2022, Computer Science and Information Technology
Journal of Education Research and Development, 1768-6653, Learning Solutions Press, 2021, Education
Journal of Applied Economics and Policy, 2312-7691, Economic Research Institute, 2020, Economics and Public Policy
AYUSHDHARA, 2393-9591, Ayurvedic Publishing, 2019, Ayurveda, Yoga
