"The Great Gatsby","F. Scott Fitzgerald","1st","978-3-16-148410-0","Scribner","1925","15.99","Fiction"
"To Kill a Mockingbird","Harper Lee","50th Anniversary","978-0-06-112008-4","HarperCollins","1960","12.50","Fiction"
"Introduction to Psychology","James W. Kalat","11th","978-1-133-94131-5","Cengage Learning","2016","89.99","Psychology"
"Principles of Physics","David Halliday, Robert Resnick, Jearl Walker","10th","978-1-118-23072-5","Wiley","2014","120.00","Physics"
"Data Science for Beginners","Jake VanderPlas","1st","978-1-234-56789-0","O-Reilly Media","2022","29.95","Data Science"
